<beans xmlns="http://www.springframework.org/schema/beans"
	xmlns:xsi="http://www.w3.org/2001/XMLSchema-instance"
	xmlns:context="http://www.springframework.org/schema/context"
	xsi:schemaLocation="http://www.springframework.org/schema/beans
    http://www.springframework.org/schema/beans/spring-beans-3.0.xsd
    http://www.springframework.org/schema/context
    http://www.springframework.org/schema/context/spring-context-3.0.xsd">
    <bean class="com.ot9.springcore.Employee" id="emp">
    	<constructor-arg name="empId" value="123"></constructor-arg>
    	<constructor-arg name="empName" value="suresh"></constructor-arg>
    	<constructor-arg name="empSal" value="23000"></constructor-arg>
    	<constructor-arg name="empDesg" value="developer"></constructor-arg>
    </bean>
    
  </beans>  